#::#!!I,TimeStamp::TimeStamp!!D,Markers::Markers,R3_DensMeanChannel0::R3_Fluo-4,R3_DensMeanChannel1::R3_F0,R3_Ratio::R3_Ratio values,R3_DensMeanChannel0BGCorr::R3_Fluo-4(-BG),R3_DensMeanChannel1BGCorr::R3_F0(-BG),R3_RatioBGCorr::R3_Ratio values (- BG),R2_DensMeanChannel0::R2_Fluo-4,R2_DensMeanChannel1::R2_F0,R2_Ratio::R2_Ratio values,R2_DensMeanChannel0BGCorr::R2_Fluo-4(-BG),R2_DensMeanChannel1BGCorr::R2_F0(-BG),R2_RatioBGCorr::R2_Ratio values (- BG),R1_DensMeanChannel0::R1_Fluo-4,R1_DensMeanChannel1::R1_F0,R1_Ratio::R1_Ratio values,R1_DensMeanChannel0BGCorr::R1_Fluo-4(-BG),R1_DensMeanChannel1BGCorr::R1_F0(-BG),R1_RatioBGCorr::R1_Ratio values (- BG)
,,,,,,,,,,,,,,,,,,,,
0,,,3055.569336,3090.330811,0.988751531,920.9846191,951.2999878,0.968132675,2700.732422,2732.387207,0.988414943,566.1477661,593.3565674,0.954144299,2416.377441,2351.641602,1.027527928,281.7927551,212.610733,1.325392842
1,,,3007.753906,3090.330811,0.97327894,863.6307983,951.2999878,0.907842696,2677.859131,2732.387207,0.980043769,533.736084,593.3565674,0.89951998,2328.302002,2351.641602,0.990075171,184.1788025,212.610733,0.86627239
2,,,3207.630859,3090.330811,1.037957072,1069.353882,951.2999878,1.124097347,2818.647949,2732.387207,1.031569719,680.3709717,593.3565674,1.146647811,2310.26416,2351.641602,0.982404888,171.9872284,212.610733,0.808930099
3,,,3505.207764,3090.330811,1.134250045,1362.930786,951.2999878,1.432703376,3005.859131,2732.387207,1.100085258,863.5822144,593.3565674,1.455418706,2303.622559,2351.641602,0.9795807,161.3457184,212.610733,0.758878469
4,,,3536.492188,3090.330811,1.144373417,1398.092285,951.2999878,1.469665051,3071.155029,2732.387207,1.12398231,932.7549438,593.3565674,1.571997404,2300.075439,2351.641602,0.978072345,161.6754761,212.610733,0.760429442
5,,,3542.81543,3090.330811,1.146419525,1399.923096,951.2999878,1.471589446,3113.971924,2732.387207,1.139652371,971.0795288,593.3565674,1.636586785,2296.60376,2351.641602,0.976596057,153.7114716,212.610733,0.72297132
6,,,3524.430664,3090.330811,1.140470386,1378.830811,951.2999878,1.449417353,3134.309814,2732.387207,1.147095799,988.7098389,593.3565674,1.666299701,2293.962158,2351.641602,0.975472748,148.3622589,212.610733,0.697811723
7,,,3470.423096,3090.330811,1.122994065,1327.038452,951.2999878,1.394973636,3118.309814,2732.387207,1.141240001,974.9252319,593.3565674,1.643068075,2296.754639,2351.641602,0.976660192,153.3701019,212.610733,0.72136575
8,,,3364.284668,3090.330811,1.088648677,1225.453857,951.2999878,1.288188577,3047.661865,2732.387207,1.11538434,908.8311768,593.3565674,1.531678081,2372.754639,2351.641602,1.008978128,233.9239502,212.610733,1.100245237
9,,,3250.953857,3090.330811,1.051975965,1112.615356,951.2999878,1.169573665,2957.52124,2732.387207,1.0823946,819.1826782,593.3565674,1.380590916,2438.26416,2351.641602,1.036834955,299.9256897,212.610733,1.410679817
10,,,3189.5,3090.330811,1.032090187,1048.453857,951.2999878,1.102127433,2881.915527,2732.387207,1.054724336,740.8693237,593.3565674,1.248607278,2399.849121,2351.641602,1.020499587,258.8029175,212.610733,1.217261672
11,,,3151.31543,3090.330811,1.019734025,1009.65387,951.2999878,1.061341166,2805.126709,2732.387207,1.026621222,663.46521,593.3565674,1.118156075,2367.320801,2351.641602,1.006667376,225.6592102,212.610733,1.061372638
12,,,3090.399902,3090.330811,1.000022411,949.5999756,951.2999878,0.998212993,2772.056396,2732.387207,1.014518023,631.2563477,593.3565674,1.063873529,2341.811279,2351.641602,0.995819867,201.011322,212.610733,0.945442915
13,,,3095.569336,3090.330811,1.001695156,953.2922974,951.2999878,1.002094269,2739.211182,2732.387207,1.002497435,596.9343262,593.3565674,1.006029725,2326.943359,2351.641602,0.989497483,184.6664734,212.610733,0.868566036
14,,,3070.153809,3090.330811,0.993470967,935.1384888,951.2999878,0.983011127,2709.070313,2732.387207,0.991466463,574.0550537,593.3565674,0.967470646,2312.452881,2351.641602,0.983335614,177.437439,212.610733,0.834564805
15,,,3044.307617,3090.330811,0.985107422,905.7846069,951.2999878,0.952154517,2693.126709,2732.387207,0.985631406,554.6036987,593.3565674,0.934688747,2310.415039,2351.641602,0.982469082,171.8920135,212.610733,0.808482289
16,,,3026.584717,3090.330811,0.979372382,885.2307739,951.2999878,0.930548489,2692.676025,2732.387207,0.98546648,551.3222046,593.3565674,0.92915839,2309.886719,2351.641602,0.982244432,168.5329437,212.610733,0.792683125
17,,,3020.369141,3090.330811,0.977361143,880.8615112,951.2999878,0.925955594,2676.788818,2732.387207,0.979651988,537.2810669,593.3565674,0.905494392,2297.20752,2351.641602,0.976852775,157.6998596,212.610733,0.741730452
18,,,3022.830811,3090.330811,0.978157699,881.8461304,951.2999878,0.926990569,2660.394287,2732.387207,0.973652005,519.409729,593.3565674,0.87537545,2295.169922,2351.641602,0.975986242,154.1851959,212.610733,0.725199461
19,,,3012.553955,3090.330811,0.974832177,871.6307983,951.2999878,0.916252255,2665.01416,2732.387207,0.975342691,524.0910034,593.3565674,0.883264899,2293.962158,2351.641602,0.975472748,153.0391846,212.610733,0.719809294
20,,,3003.876953,3090.330811,0.972024381,861.4154053,951.2999878,0.905513883,2667.943604,2732.387207,0.976414859,525.4821167,593.3565674,0.885609388,2360.754639,2351.641602,1.003875256,218.2931824,212.610733,1.026726961
21,,,3316.061523,3090.330811,1.073044181,1174.215332,951.2999878,1.234327078,2908.056396,2732.387207,1.064291358,766.2102051,593.3565674,1.29131496,2436.60376,2351.641602,1.036128879,294.7576294,212.610733,1.386372209
22,,,3496.161621,3090.330811,1.131322742,1353.023071,951.2999878,1.422288537,3015.436523,2732.387207,1.103590488,872.2981567,593.3565674,1.470107913,2417.13208,2351.641602,1.02784884,273.9936218,212.610733,1.288710117
23,,,3519.630859,3090.330811,1.138917208,1381.169189,951.2999878,1.451875567,3089.464844,2732.387207,1.130683303,951.0032349,593.3565674,1.602751732,2374.415039,2351.641602,1.009684086,235.9535522,212.610733,1.109791279
24,,,3501.046143,3090.330811,1.132903337,1358.584595,951.2999878,1.428134799,3127.323975,2732.387207,1.144538999,984.8624268,593.3565674,1.65981555,2348.226318,2351.641602,0.998547792,205.7648773,212.610733,0.967800975
25,,,3475.507813,3090.330811,1.124639392,1336.861572,951.2999878,1.405299664,3142.873291,2732.387207,1.150229812,1004.227112,593.3565674,1.692451358,2332.377441,2351.641602,0.991808236,193.7312012,212.610733,0.911201417
26,,,3419.038574,3090.330811,1.106366515,1284.084595,951.2999878,1.349820852,3113.577393,2732.387207,1.139508128,978.6235962,593.3565674,1.649301052,2316.830078,2351.641602,0.985197008,181.8763428,212.610733,0.855442882
27,,,3327.677002,3090.330811,1.07680285,1187.615356,951.2999878,1.248413086,3030.704346,2732.387207,1.109178066,890.6427002,593.3565674,1.501024485,2313.13208,2351.641602,0.983624458,173.0705414,212.610733,0.814025402
28,,,3239.707764,3090.330811,1.048336864,1099.030762,951.2999878,1.155293584,2933.802734,2732.387207,1.073714137,793.1259155,593.3565674,1.336676717,2308.754639,2351.641602,0.981763065,168.0777893,212.610733,0.790542364
29,,,3158.615479,3090.330811,1.022096157,1020.400024,951.2999878,1.072637439,2849.295654,2732.387207,1.042786241,711.0803833,593.3565674,1.198403239,2293.20752,2351.641602,0.975151837,154.992157,212.610733,0.728994966
30,,,3120.061523,3090.330811,1.009620547,984.0615234,951.2999878,1.034438729,2797.295654,2732.387207,1.023755193,661.2957764,593.3565674,1.114499807,2292.679199,2351.641602,0.974927187,156.679245,212.610733,0.736930072
31,,,3088.061523,3090.330811,0.999265671,948.9846191,951.2999878,0.997566104,2764.676025,2732.387207,1.011817098,625.5991211,593.3565674,1.05433929,2290.717041,2351.641602,0.974092782,151.6400604,212.610733,0.713228583
32,,,3068.615479,3090.330811,0.992973149,928,951.2999878,0.9755072,2731.605713,2732.387207,0.999713898,590.9902344,593.3565674,0.996011972,2294.3396,2351.641602,0.975633264,153.7242432,212.610733,0.723031402
33,,,3060.492188,3090.330811,0.990344584,918.2153931,951.2999878,0.965221703,2715.436523,2732.387207,0.993796349,573.159668,593.3565674,0.965961695,2379.320801,2351.641602,1.011770129,237.0438385,212.610733,1.114919424
34,,,3045.969238,3090.330811,0.985645056,906.2769165,951.2999878,0.952672064,2698.760498,2732.387207,0.98769325,559.0682373,593.3565674,0.942212999,2435.245361,2351.641602,1.03555119,295.5529785,212.610733,1.390113115
35,,,3033.230713,3090.330811,0.981523037,896.4307861,951.2999878,0.942321837,2693.352051,2732.387207,0.985713899,556.552124,593.3565674,0.937972486,2404.150879,2351.641602,1.022328854,267.3509521,212.610733,1.257466793
36,,,3021.046143,3090.330811,0.97758019,876.7999878,951.2999878,0.921686113,2678.028076,2732.387207,0.980105639,533.7820435,593.3565674,0.899597406,2366.415039,2351.641602,1.00628221,222.1689453,212.610733,1.044956326
37,,,3013.723145,3090.330811,0.975210547,868.8615112,951.2999878,0.913341284,2678.197266,2732.387207,0.980167449,533.3356323,593.3565674,0.898845136,2336.302002,2351.641602,0.993477046,191.4403534,212.610733,0.900426507
38,,,3008.553955,3090.330811,0.973537803,868.1846313,951.2999878,0.912629664,2665.295654,2732.387207,0.975445807,524.9265137,593.3565674,0.884673059,2334.113281,2351.641602,0.99254638,193.7439728,212.610733,0.911261499
39,,,3003.446045,3090.330811,0.971885026,865.1692505,951.2999878,0.909459949,2679.549316,2732.387207,0.980662346,541.2723999,593.3565674,0.912221134,2312.226318,2351.641602,0.983239353,173.9494934,212.610733,0.818159461
40,,,3408.307617,3090.330811,1.102894187,1269.107666,951.2999878,1.334077239,2952.957764,2732.387207,1.080724478,813.7577515,593.3565674,1.371448159,2309.962158,2351.641602,0.982276559,170.7622681,212.610733,0.803168595
41,,,3518.292236,3090.330811,1.138484001,1374.538452,951.2999878,1.4449054,3026.028076,2732.387207,1.107466817,882.274353,593.3565674,1.486920953,2293.434082,2351.641602,0.975248098,149.6801147,212.610733,0.704010129
42,,,3537.31543,3090.330811,1.14463973,1399.038452,951.2999878,1.470659614,3094.422607,2732.387207,1.132497787,956.1456299,593.3565674,1.611418247,2302.641602,2351.641602,0.979163468,164.3645935,212.610733,0.773077548
43,,,3540.284668,3090.330811,1.145600557,1402.130737,951.2999878,1.473910213,3118.253418,2732.387207,1.141219378,980.0996704,593.3565674,1.651788712,2298.717041,2351.641602,0.977494657,160.5631409,212.610733,0.755197644
44,,,3495.746094,3090.330811,1.131188393,1350.82312,951.2999878,1.419975877,3137.577393,2732.387207,1.148291588,992.6543579,593.3565674,1.672947526,2293.962158,2351.641602,0.975472748,149.0391846,212.610733,0.700995564
45,,,3446.115479,3090.330811,1.115128279,1301.069214,951.2999878,1.367674947,3111.605713,2732.387207,1.138786435,966.5595093,593.3565674,1.628969073,2287.547119,2351.641602,0.972744823,142.5010223,212.610733,0.67024374
46,,,3344.092285,3090.330811,1.082114697,1207.476929,951.2999878,1.269291401,3032.788818,2732.387207,1.109941006,896.1733398,593.3565674,1.510345459,2281.509521,2351.641602,0.970177412,144.894043,212.610733,0.681499183
47,,,3254.707764,3090.330811,1.053190708,1113.723022,951.2999878,1.170737982,2942.140869,2732.387207,1.076765656,801.15625,593.3565674,1.350210428,2386.490479,2351.641602,1.014819026,245.5059509,212.610733,1.154720306
48,,,3178.730713,3090.330811,1.028605342,1043.776978,951.2999878,1.097211123,2866.591553,2732.387207,1.049116135,731.6376953,593.3565674,1.233049035,2442.717041,2351.641602,1.038728476,307.7631226,212.610733,1.447542787
49,,,3155.177002,3090.330811,1.020983577,1021.084595,951.2999878,1.073357105,2806.366211,2732.387207,1.027074814,672.2738647,593.3565674,1.133001566,2393.73584,2351.641602,1.01789999,259.6435547,212.610733,1.221215606
50,,,3113.961426,3090.330811,1.00764668,977.2846069,951.2999878,1.027314901,2762.647949,2732.387207,1.011074781,625.9709473,593.3565674,1.054965973,2364.452881,2351.641602,1.005447865,227.7759094,212.610733,1.071328282
51,,,3093.107666,3090.330811,1.0008986,958.3384399,951.2999878,1.007398725,2727.605713,2732.387207,0.998250008,592.8364258,593.3565674,0.999123394,2337.886719,2351.641602,0.994150996,203.117569,212.610733,0.955349505
52,,,3062.461426,3090.330811,0.990981817,929.4769287,951.2999878,0.977059722,2713.577393,2732.387207,0.993115962,580.5928345,593.3565674,0.978488982,2327.849121,2351.641602,0.989882648,194.8644409,212.610733,0.916531503
53,,,3043.015381,3090.330811,0.984689236,905.7846069,951.2999878,0.952154517,2697.295654,2732.387207,0.987157166,560.0650024,593.3565674,0.943892837,2310.26416,2351.641602,0.982404888,173.0333862,212.610733,0.813850641
54,,,3038.030762,3090.330811,0.983076274,898.6461792,951.2999878,0.94465065,2690.873291,2732.387207,0.984806657,551.4886475,593.3565674,0.929438829,2308.981201,2351.641602,0.981859326,169.5965118,212.610733,0.797685564
55,,,3028.738525,3090.330811,0.980069339,889.6615601,951.2999878,0.935206056,2665.802734,2732.387207,0.975631356,526.7258911,593.3565674,0.887705505,2295.018799,2351.641602,0.975922048,155.9419403,212.610733,0.733462214
56,,,3012,3090.330811,0.974652946,878.1538696,951.2999878,0.923109293,2672.563477,2732.387207,0.978105605,538.7172241,593.3565674,0.907914877,2293.434082,2351.641602,0.975248098,159.5878143,212.610733,0.750610292
57,,,3017.046143,3090.330811,0.976285815,875.9384766,951.2999878,0.92078048,2666.084473,2732.387207,0.975734472,524.9768066,593.3565674,0.884757757,2297.962158,2351.641602,0.977173686,156.8545685,212.610733,0.737754703
58,,,2999.199951,3090.330811,0.970511019,853.6615601,951.2999878,0.897363126,2656,2732.387207,0.972043753,510.4615479,593.3565674,0.860294759,2298.3396,2351.641602,0.977334201,152.8011627,212.610733,0.71868974
59,,,3252.430664,3090.330811,1.052453876,1111.384644,951.2999878,1.168279886,2853.408447,2732.387207,1.044291377,712.3623047,593.3565674,1.200563669,2439.018799,2351.641602,1.037155867,297.9727173,212.610733,1.401494145
60,,,3484.300049,3090.330811,1.127484441,1341.407715,951.2999878,1.410078526,3009.295654,2732.387207,1.101343036,866.4034424,593.3565674,1.460173368,2411.39624,2351.641602,1.025409818,268.5039063,212.610733,1.262889743
61,,,3509.876953,3090.330811,1.135760903,1372.953857,951.2999878,1.44323957,3085.408447,2732.387207,1.12919879,948.4853516,593.3565674,1.598508239,2363.094238,2351.641602,1.004870176,226.1712646,212.610733,1.063781023
62,,,3502.538574,3090.330811,1.133386254,1361.430786,951.2999878,1.431126595,3121.01416,2732.387207,1.142229795,979.9063721,593.3565674,1.651463032,2344.830078,2351.641602,0.997103572,203.7225037,212.610733,0.958194733
63,,,3484.930664,3090.330811,1.127688646,1347.761597,951.2999878,1.416757584,3142.309814,2732.387207,1.15002358,1005.140625,593.3565674,1.693990946,2321.13208,2351.641602,0.987026334,183.9628448,212.610733,0.865256608
64,,,3434.253906,3090.330811,1.111290097,1295.730713,951.2999878,1.362063289,3110.366211,2732.387207,1.138332844,971.8431396,593.3565674,1.637873769,2310.188721,2351.641602,0.98237282,171.6656036,212.610733,0.807417333
65,,,3324.85376,3090.330811,1.075889349,1184.792358,951.2999878,1.24544549,3030.591553,2732.387207,1.10913682,890.5300293,593.3565674,1.500834584,2314.415039,2351.641602,0.98417002,174.3535614,212.610733,0.820059955
66,,,3232.446045,3090.330811,1.045987129,1102.046143,951.2999878,1.158463359,2943.661865,2732.387207,1.077322364,813.2619629,593.3565674,1.370612621,2311.320801,2351.641602,0.982854187,180.9207611,212.610733,0.850948334
67,,,3173.392334,3090.330811,1.02687788,1036.161499,951.2999878,1.089205861,2867.098633,2732.387207,1.049301624,729.8677979,593.3565674,1.23006618,2294.565918,2351.641602,0.975729525,157.3352661,212.610733,0.740015626
68,,,3131.630859,3090.330811,1.013364315,997.0461426,951.2999878,1.048088074,2801.464844,2732.387207,1.025280952,666.880188,593.3565674,1.123911381,2292.679199,2351.641602,0.974927187,158.094635,212.610733,0.743587196
69,,,3097.661621,3090.330811,1.002372146,959.5076904,951.2999878,1.008627892,2753.239502,2732.387207,1.007631421,615.0855713,593.3565674,1.036620498,2287.094238,2351.641602,0.972552299,148.9404907,212.610733,0.700531363
70,,,3071.507813,3090.330811,0.993909061,934.4000244,951.2999878,0.982234836,2728.056396,2732.387207,0.998414934,590.9486694,593.3565674,0.995941877,2287.697998,2351.641602,0.972809017,150.5904236,212.610733,0.708291709
71,,,3053.969238,3090.330811,0.988233745,913.9077148,951.2999878,0.960693479,2701.126709,2732.387207,0.988559246,561.0652466,593.3565674,0.945578516,2281.811279,2351.641602,0.970305741,141.7497864,212.610733,0.666710377
72,,,3041.846191,3090.330811,0.984310865,905.1692505,951.2999878,0.951507628,2687.661865,2732.387207,0.983631372,550.9850464,593.3565674,0.928590119,2367.39624,2351.641602,1.006699443,230.7192993,212.610733,1.085172415
73,,,3028.369141,3090.330811,0.979949892,893.2922974,951.2999878,0.93902272,2680.281738,2732.387207,0.980930388,545.2047729,593.3565674,0.918848455,2442.3396,2351.641602,1.03856802,307.2626953,212.610733,1.445188999
74,,,3018.707764,3090.330811,0.976823509,881.4769287,951.2999878,0.926602483,2669.52124,2732.387207,0.97699219,532.2903442,593.3565674,0.897083461,2406.943359,2351.641602,1.023516297,269.712616,212.610733,1.268574834
75,,,3010.215332,3090.330811,0.974075437,869.5999756,951.2999878,0.914117515,2665.633789,2732.387207,0.975569546,525.0184326,593.3565674,0.884827852,2372.075439,2351.641602,1.008689284,231.460083,212.610733,1.088656664
76,,,3009.907715,3090.330811,0.973975897,875.2000122,951.2999878,0.920004189,2657.859131,2732.387207,0.97272414,523.1514893,593.3565674,0.881681442,2336.679199,2351.641602,0.993637502,201.9715576,212.610733,0.949959338
77,,,2995.876953,3090.330811,0.969435692,855.5692139,951.2999878,0.899368465,2660.450684,2732.387207,0.973672628,520.1430054,593.3565674,0.876611233,2324.754639,2351.641602,0.988566816,184.4470215,212.610733,0.867533922
78,,,2985.107666,3090.330811,0.965950847,848.4307861,951.2999878,0.891864598,2664.450684,2732.387207,0.975136518,527.7738037,593.3565674,0.889471591,2314.86792,2351.641602,0.984362602,178.1909943,212.610733,0.838109136
79,,,3311.199951,3090.330811,1.071471095,1178.276978,951.2999878,1.238596559,2906.535156,2732.387207,1.063734651,773.6121216,593.3565674,1.303789616,2310.415039,2351.641602,0.982469082,177.4920197,212.610733,0.834821522
80,,,3488.476807,3090.330811,1.128836155,1347.246094,951.2999878,1.416215897,3018.422607,2732.387207,1.10468328,877.1917725,593.3565674,1.478355289,2302.26416,2351.641602,0.979003012,161.0333862,212.610733,0.757409453
81,,,3527.322998,3090.330811,1.141406298,1392.430786,951.2999878,1.463713646,3080,2732.387207,1.127219439,945.107666,593.3565674,1.592815757,2287.094238,2351.641602,0.972552299,152.2020264,212.610733,0.715871811
82,,,3509.976807,3090.330811,1.135793328,1373.669189,951.2999878,1.443991661,3118.47876,2732.387207,1.14130187,982.1712036,593.3565674,1.655279875,2288,2351.641602,0.972937405,151.6923065,212.610733,0.713474333
83,,,3477.615479,3090.330811,1.125321388,1341.861572,951.2999878,1.410555601,3134.98584,2732.387207,1.147343159,999.2320557,593.3565674,1.684033036,2305.509521,2351.641602,0.980383039,169.7555847,212.610733,0.798433721
84,,,3427.830811,3090.330811,1.109211564,1291.892334,951.2999878,1.358028293,3113.070313,2732.387207,1.139322519,977.131958,593.3565674,1.646787167,2415.47168,2351.641602,1.027142882,279.5332336,212.610733,1.314765334
85,,,3330.246094,3090.330811,1.077634215,1186.984619,951.2999878,1.247750044,3035.661865,2732.387207,1.110992551,892.4004517,593.3565674,1.503986835,2431.547119,2351.641602,1.033978701,288.2856445,212.610733,1.35593164
86,,,3243.092285,3090.330811,1.049432158,1105.984619,951.2999878,1.162603378,2944.281738,2732.387207,1.077549219,807.1740112,593.3565674,1.360352397,2382.943359,2351.641602,1.013310671,245.8357086,212.610733,1.156271338
87,,,3173.615479,3090.330811,1.026950121,1036.50769,951.2999878,1.089569688,2874.47876,2732.387207,1.052002668,737.3711548,593.3565674,1.242711782,2348.52832,2351.641602,0.998676181,211.4206085,212.610733,0.994402289
88,,,3127.376953,3090.330811,1.011987805,994.8846436,951.2999878,1.045815825,2802.309814,2732.387207,1.025590301,669.8175659,593.3565674,1.128861785,2322.943359,2351.641602,0.987796545,190.4510956,212.610733,0.89577359
89,,,3093.600098,3090.330811,1.001057863,960.0615234,951.2999878,1.00921011,2759.211182,2732.387207,1.009817004,625.6727905,593.3565674,1.054463506,2312.302002,2351.641602,0.98327142,178.7634277,212.610733,0.840801477
90,,,3075.384521,3090.330811,0.99516356,938.3384399,951.2999878,0.986374915,2728.676025,2732.387207,0.998641729,591.6298828,593.3565674,0.997090042,2304.302002,2351.641602,0.979869545,167.2557373,212.610733,0.78667587
91,,,3054.584717,3090.330811,0.988432884,925.4154053,951.2999878,0.972790241,2701.52124,2732.387207,0.988703609,572.3518677,593.3565674,0.964600265,2298.037842,2351.641602,0.977205813,168.8684998,212.610733,0.794261396
92,,,3042.215332,3090.330811,0.984430373,905.7230835,951.2999878,0.952089846,2686.197266,2732.387207,0.983095288,549.704895,593.3565674,0.92643261,2297.962158,2351.641602,0.977173686,161.4699554,212.610733,0.759462833
93,,,3034.276855,3090.330811,0.981861532,893.3538208,951.2999878,0.939087391,2677.915527,2732.387207,0.980064392,536.9924316,593.3565674,0.905007958,2295.697998,2351.641602,0.976210892,154.7750397,212.610733,0.727973759
94,,,3025.169189,3090.330811,0.97891438,884.8615112,951.2999878,0.930160344,2676.056396,2732.387207,0.979383945,535.7486572,593.3565674,0.902911842,2294.188721,2351.641602,0.975569069,153.8809814,212.610733,0.723768651
95,,,3020.984619,3090.330811,0.977560282,889.2307739,951.2999878,0.934753239,2666.647949,2732.387207,0.975940645,534.894043,593.3565674,0.901471555,2288.452881,2351.641602,0.973129988,156.6989899,212.610733,0.737022877
96,,,3001.415283,3090.330811,0.971227884,867.0153809,951.2999878,0.911400616,2658.98584,2732.387207,0.973136544,524.5859375,593.3565674,0.884098947,2289.13208,2351.641602,0.973418832,154.7320709,212.610733,0.727771699
97,,,2992.430664,3090.330811,0.968320549,858.0307617,951.2999878,0.901956022,2654.816895,2732.387207,0.971610725,520.4169312,593.3565674,0.877072811,2284.981201,2351.641602,0.9716537,150.581131,212.610733,0.708248019
98,,,2996.369141,3090.330811,0.969595015,852,951.2999878,0.895616531,2663.774658,2732.387207,0.9748891,519.4053955,593.3565674,0.875368118,2305.056641,2351.641602,0.980190456,160.6873779,212.610733,0.755782008
99,,,3291.753906,3090.330811,1.065178514,1160.307739,951.2999878,1.219707489,2885.070313,2732.387207,1.055878997,753.6242676,593.3565674,1.270103574,2419.849121,2351.641602,1.029004216,288.4028931,212.610733,1.356483221
100,,,3467.446045,3090.330811,1.122030735,1331.938477,951.2999878,1.40012455,3011.380371,2732.387207,1.102105975,875.8726196,593.3565674,1.476132035,2426.79248,2351.641602,1.031956792,291.2847595,212.610733,1.370037794
101,,,3505.177002,3090.330811,1.134240031,1366.592285,951.2999878,1.436552405,3073.915527,2732.387207,1.124992609,935.3308716,593.3565674,1.576338649,2369.962158,2351.641602,1.007790565,231.377655,212.610733,1.088268876
102,,,3497.677002,3090.330811,1.131813169,1361.738403,951.2999878,1.431450129,3120.957764,2732.387207,1.142209172,985.0192871,593.3565674,1.660079837,2341.584961,2351.641602,0.995723605,205.6464386,212.610733,0.96724391
103,,,3469.053955,3090.330811,1.122550964,1334.099976,951.2999878,1.402396679,3134.366211,2732.387207,1.147116303,999.4123535,593.3565674,1.684336901,2334.3396,2351.641602,0.992642641,199.3857727,212.610733,0.937797308
104,,,3377.576904,3090.330811,1.092949986,1244.592285,951.2999878,1.308306813,3076.676025,2732.387207,1.126002908,943.6914673,593.3565674,1.590428948,2317.358398,2351.641602,0.985421658,184.3738708,212.610733,0.867189825
105,,,3277.961426,3090.330811,1.060715437,1146.269287,951.2999878,1.204950333,2999.098633,2732.387207,1.09761107,867.406311,593.3565674,1.461863518,2305.886719,2351.641602,0.980543494,174.1944885,212.610733,0.819311798
106,,,3211.407715,3090.330811,1.039179325,1079.900024,951.2999878,1.135183454,2906.816895,2732.387207,1.063837767,775.3092041,593.3565674,1.306649804,2301.13208,2351.641602,0.978521645,169.6243896,212.610733,0.797816634
107,,,3160.592285,3090.330811,1.022735953,1027.053833,951.2999878,1.079631925,2827.605713,2732.387207,1.034847975,694.0671997,593.3565674,1.169730306,2302.188721,2351.641602,0.978970945,168.6502228,212.610733,0.793234706
108,,,3114.399902,3090.330811,1.007788539,980.0615234,951.2999878,1.030233979,2784.281738,2732.387207,1.018992305,649.9432373,593.3565674,1.095367074,2293.584961,2351.641602,0.975312293,159.2464447,212.610733,0.749004722
109,,,3076.123047,3090.330811,0.995402515,936.7384644,951.2999878,0.984692991,2733.01416,2732.387207,1.000229359,593.6294556,593.3565674,1.000459909,2298.113281,2351.641602,0.97723788,158.7285919,212.610733,0.746569037
110,,,3066.707764,3090.330811,0.992355824,931.8153687,951.2999878,0.979517877,2713.464844,2732.387207,0.993074715,578.5725098,593.3565674,0.975084007,2411.849121,2351.641602,1.025602341,276.9567566,212.610733,1.302646995
111,,,3043.138428,3090.330811,0.984729052,900.7384644,951.2999878,0.946850061,2694.591553,2732.387207,0.98616749,552.1915283,593.3565674,0.930623472,2434.037842,2351.641602,1.035037756,291.6377258,212.610733,1.371698022
112,,,3033.661621,3090.330811,0.981662393,900.4307861,951.2999878,0.946526587,2677.859131,2732.387207,0.980043769,544.6283569,593.3565674,0.917877078,2388.52832,2351.641602,1.015685558,255.2975311,212.610733,1.200774431
113,,,3016.553955,3090.330811,0.976126552,889.107666,951.2999878,0.934623897,2671.098633,2732.387207,0.97756952,543.6524658,593.3565674,0.916232288,2353.282959,2351.641602,1.00069797,225.8368683,212.610733,1.062208176
114,,,3015.569336,3090.330811,0.975807905,879.3846436,951.2999878,0.924403071,2666.816895,2732.387207,0.976002514,530.6322632,593.3565674,0.894289076,2324.60376,2351.641602,0.988502622,188.4191589,212.610733,0.886216581
115,,,2993.107666,3090.330811,0.968539596,858.3384399,951.2999878,0.902279496,2658.929688,2732.387207,0.973115921,524.1603394,593.3565674,0.883381724,2307.622559,2351.641602,0.981281638,172.8534088,212.610733,0.813004136
116,,,3018.584717,3090.330811,0.976783693,884.7999878,951.2999878,0.930095673,2687.042236,2732.387207,0.983404577,553.2576294,593.3565674,0.932420194,2309.509521,2351.641602,0.982083976,175.724823,212.610733,0.826509595
117,,,3392.923096,3090.330811,1.097915888,1258.030762,951.2999878,1.322433233,2942.760498,2732.387207,1.076992512,807.8682861,593.3565674,1.361522436,2288.150879,2351.641602,0.973001599,153.2586365,212.610733,0.720841467
118,,,3457.792236,3090.330811,1.118906856,1323.023071,951.2999878,1.390752792,3031.267578,2732.387207,1.109384298,896.4983521,593.3565674,1.510893226,2298.490479,2351.641602,0.977398336,163.7213287,212.610733,0.770052016
119,,,3474.85376,3090.330811,1.124427795,1343.776978,951.2999878,1.412569046,3099.211182,2732.387207,1.134250402,968.1343384,593.3565674,1.631623268,2295.018799,2351.641602,0.975922048,163.9419403,212.610733,0.771089673
120,,,3472.092285,3090.330811,1.123534203,1344.030762,951.2999878,1.412835836,3120.50708,2732.387207,1.142044187,992.4454956,593.3565674,1.672595501,2286.943359,2351.641602,0.972488105,158.8818512,212.610733,0.747289896
121,,,3434.792236,3090.330811,1.111464262,1297.5,951.2999878,1.363923073,3110.591553,2732.387207,1.138415337,973.2992554,593.3565674,1.640327811,2291.320801,2351.641602,0.974349499,154.0284424,212.610733,0.724462211
122,,,3360.538574,3090.330811,1.087436438,1230.938477,951.2999878,1.293954015,3062.140869,2732.387207,1.120683312,932.5408325,593.3565674,1.571636558,2288,2351.641602,0.972937405,158.3999939,212.610733,0.745023489
123,,,3265.046143,3090.330811,1.056536198,1125.538452,951.2999878,1.183158278,2970.647949,2732.387207,1.087198734,831.1401978,593.3565674,1.400743246,2275.849121,2351.641602,0.967770398,136.3413696,212.610733,0.641272247
124,,,3181.615479,3090.330811,1.029538751,1049.67688,951.2999878,1.103413105,2888.844971,2732.387207,1.057260513,756.9066162,593.3565674,1.275635362,2278.86792,2351.641602,0.969054163,146.9294586,212.610733,0.691072643
125,,,3126.392334,3090.330811,1.011669159,994.2692261,951.2999878,1.045168996,2813.690186,2732.387207,1.029755235,681.5670776,593.3565674,1.148663521,2390.415039,2351.641602,1.016487837,258.2920227,212.610733,1.21485877
126,,,3111.630859,3090.330811,1.006892443,975.1384888,951.2999878,1.025058866,2773.577393,2732.387207,1.01507473,637.085144,593.3565674,1.073696971,2434.943359,2351.641602,1.035422921,298.4510803,212.610733,1.403744221
127,,,3076.123047,3090.330811,0.995402515,937.0461426,951.2999878,0.985016465,2727.49292,2732.387207,0.998208761,588.4160156,593.3565674,0.991673589,2380.981201,2351.641602,1.012476206,241.9042053,212.610733,1.137779832
128,,,3053.907715,3090.330811,0.988213837,925.5999756,951.2999878,0.972984314,2710.197266,2732.387207,0.991878867,581.8894653,593.3565674,0.980674267,2346.415039,2351.641602,0.997777522,218.1074066,212.610733,1.025853157
129,,,3037.600098,3090.330811,0.982936859,896.4307861,951.2999878,0.942321837,2682.929688,2732.387207,0.98189944,541.760376,593.3565674,0.913043499,2327.245361,2351.641602,0.989625871,186.0760498,212.610733,0.87519592
130,,,3027.938477,3090.330811,0.979810476,887.2000122,951.2999878,0.932618499,2691.155029,2732.387207,0.984909773,550.4164429,593.3565674,0.927631915,2315.47168,2351.641602,0.984619319,174.7332306,212.610733,0.82184577
131,,,3017.046143,3090.330811,0.976285815,879.3846436,951.2999878,0.924403071,2671.267578,2732.387207,0.97763139,533.6060791,593.3565674,0.899300873,2313.584961,2351.641602,0.983816981,175.9233704,212.610733,0.82744348
132,,,3005.107666,3090.330811,0.972422659,872.7999878,951.2999878,0.917481363,2680.225342,2732.387207,0.980909765,547.9176636,593.3565674,0.923420608,2292.60376,2351.641602,0.97489512,160.2960815,212.610733,0.753941596
133,,,3011.938477,3090.330811,0.974633038,879.2000122,951.2999878,0.924208999,2666.309814,2732.387207,0.975816965,533.5714111,593.3565674,0.899242461,2298.3396,2351.641602,0.977334201,165.6011658,212.610733,0.77889365
134,,,2996.615479,3090.330811,0.969674647,863.3230591,951.2999878,0.907519281,2662.253418,2732.387207,0.974332392,528.9612427,593.3565674,0.891472757,2282.565918,2351.641602,0.970626712,149.2737274,212.610733,0.702098727
135,,,3188.246094,3090.330811,1.031684399,1056.615356,951.2999878,1.110706806,2823.211182,2732.387207,1.033239722,691.5805054,593.3565674,1.165539503,2290.3396,2351.641602,0.973932326,158.708847,212.610733,0.746476173
136,,,3484.407715,3090.330811,1.127519369,1351.238403,951.2999878,1.42041254,2995.042236,2732.387207,1.096126556,861.8730469,593.3565674,1.452538133,2284.905762,2351.641602,0.971621573,151.7364349,212.610733,0.713681877
137,,,3513.607666,3090.330811,1.136968136,1377.484619,951.2999878,1.448002338,3056.394287,2732.387207,1.118580222,920.2713013,593.3565674,1.550958276,2275.849121,2351.641602,0.967770398,139.7259827,212.610733,0.657191515
138,,,3530.81543,3090.330811,1.142536402,1389.892334,951.2999878,1.461045265,3124.676025,2732.387207,1.143569946,983.7529907,593.3565674,1.657945752,2315.849121,2351.641602,0.984779775,174.9259796,212.610733,0.822752297
139,,,3496.376953,3090.330811,1.131392479,1357.792358,951.2999878,1.427301884,3122.028076,2732.387207,1.142600894,983.4435425,593.3565674,1.657424212,2424.52832,2351.641602,1.030994058,285.9436951,212.610733,1.344916463
140,,,3441.430664,3090.330811,1.113612413,1308.446167,951.2999878,1.37542963,3084,2732.387207,1.128683329,951.0153809,593.3565674,1.602772236,2422.565918,2351.641602,1.030159593,289.5814209,212.610733,1.362026334
141,,,3333.892334,3090.330811,1.07881403,1197.461548,951.2999878,1.258763313,3016.50708,2732.387207,1.10398221,880.0762939,593.3565674,1.483216524,2369.6604,2351.641602,1.007662296,233.2296143,212.610733,1.09697938
142,,,3234.769287,3090.330811,1.046738863,1103.138428,951.2999878,1.159611583,2907.943604,2732.387207,1.064250112,776.3128662,593.3565674,1.308341265,2341.962158,2351.641602,0.995884061,210.3314972,212.610733,0.989279747
143,,,3180.399902,3090.330811,1.029145479,1046.738403,951.2999878,1.100324273,2841.295654,2732.387207,1.039858341,707.6342163,593.3565674,1.192595243,2316.981201,2351.641602,0.985261202,183.3195953,212.610733,0.862231135
144,,,3128.361572,3090.330811,1.012306333,994.1461792,951.2999878,1.045039535,2786.98584,2732.387207,1.01998198,652.7705078,593.3565674,1.100131989,2313.434082,2351.641602,0.983752847,179.2185822,212.610733,0.842942238
145,,,3085.723145,3090.330811,0.99850899,955.446167,951.2999878,1.004358411,2745.183105,2732.387207,1.004683018,614.906189,593.3565674,1.036318183,2299.018799,2351.641602,0.977623045,168.7419434,212.610733,0.793666124
146,,,3072.061523,3090.330811,0.994088233,939.6307983,951.2999878,0.987733364,2725.52124,2732.387207,0.997487128,593.090332,593.3565674,0.999551356,2300.981201,2351.641602,0.978457451,168.5503693,212.610733,0.792765021
147,,,3045.969238,3090.330811,0.985645056,916.3076782,951.2999878,0.963216305,2697.295654,2732.387207,0.987157166,567.6342163,593.3565674,0.956649482,2296.150879,2351.641602,0.976403475,166.4894104,212.610733,0.783071458
148,,,3023.322998,3090.330811,0.978316963,888.7999878,951.2999878,0.934300423,2679.098633,2732.387207,0.98049736,544.5755005,593.3565674,0.917787969,2290.943359,2351.641602,0.974189043,156.4203186,212.610733,0.73571223
149,,,3011.938477,3090.330811,0.974633038,879.3846436,951.2999878,0.924403071,2666.873291,2732.387207,0.976023138,534.319397,593.3565674,0.900503039,2286.717041,2351.641602,0.972391844,154.1631317,212.610733,0.725095689
150,,,2998.399902,3090.330811,0.970252097,862.5230713,951.2999878,0.906678319,2666.647949,2732.387207,0.975940645,530.7709351,593.3565674,0.894522786,2273.434082,2351.641602,0.96674341,137.5570374,212.610733,0.646990061
151,,,3005.846191,3090.330811,0.972661614,869.5999756,951.2999878,0.914117515,2660.957764,2732.387207,0.973858178,524.7116089,593.3565674,0.884310782,2369.509521,2351.641602,1.007598042,233.2632751,212.610733,1.097137809
152,,,2996.430664,3090.330811,0.969614923,869.0461426,951.2999878,0.913535297,2660.619629,2732.387207,0.973734498,533.2351074,593.3565674,0.89867568,2435.773682,2351.641602,1.0357759,308.3889771,212.610733,1.450486302
153,,,3001.230713,3090.330811,0.97116816,871.8153687,951.2999878,0.916446328,2687.831055,2732.387207,0.983693242,558.4155884,593.3565674,0.941113055,2388.452881,2351.641602,1.015653491,259.0374451,212.610733,1.218364835
154,,,3394.584717,3090.330811,1.098453522,1264.861572,951.2999878,1.329613686,2951.155029,2732.387207,1.080064654,821.4318237,593.3565674,1.384381533,2357.886719,2351.641602,1.002655745,228.1637115,212.610733,1.073152304
155,,,3489.369141,3090.330811,1.12912488,1355.584595,951.2999878,1.424981236,3012.563477,2732.387207,1.102538943,878.7787476,593.3565674,1.481029868,2331.094238,2351.641602,0.991262615,197.3097229,212.610733,0.928032696
156,,,3498.330811,3090.330811,1.132024646,1365.346191,951.2999878,1.435242414,3076.563477,2732.387207,1.125961661,943.5787354,593.3565674,1.590239048,2309.509521,2351.641602,0.982083976,176.524826,212.610733,0.830272377
157,,,3477.169189,3090.330811,1.125177026,1340.49231,951.2999878,1.409116268,3089.01416,2732.387207,1.130518436,952.3371582,593.3565674,1.604999781,2296.679199,2351.641602,0.976628125,160.0023193,212.610733,0.7525599
158,,,3452.938477,3090.330811,1.117336154,1322.415405,951.2999878,1.39011395,3099.774658,2732.387207,1.134456515,969.2515869,593.3565674,1.633506179,2301.056641,2351.641602,0.978489518,170.5335236,212.610733,0.802092731
159,,,3396.215332,3090.330811,1.098981142,1265.446167,951.2999878,1.330228329,3091.774658,2732.387207,1.131528735,961.0054321,593.3565674,1.619608641,2300.981201,2351.641602,0.978457451,170.2118988,212.610733,0.800579965
160,,,3307.984619,3090.330811,1.070430636,1176.723022,951.2999878,1.236963153,3027.323975,2732.387207,1.107941031,896.0623779,593.3565674,1.51015842,2289.886719,2351.641602,0.973739743,158.6252594,212.610733,0.746082962
161,,,3221.600098,3090.330811,1.042477369,1086.338501,951.2999878,1.141951442,2930.760498,2732.387207,1.072600722,795.4990234,593.3565674,1.340676188,2289.282959,2351.641602,0.973482966,154.0214844,212.610733,0.724429429
162,,,3160.892334,3090.330811,1.02283299,1028.092285,951.2999878,1.080723524,2856.619629,2732.387207,1.045466661,723.8197021,593.3565674,1.21987319,2285.886719,2351.641602,0.972038805,153.086792,212.610733,0.720033228
163,,,3121.715332,3090.330811,1.010155797,984.2384644,951.2999878,1.034624696,2792.225342,2732.387207,1.021899581,654.7484131,593.3565674,1.103465438,2285.509521,2351.641602,0.97187835,148.0325165,212.610733,0.69626075
164,,,3082.769287,3090.330811,0.99755317,951.5076904,951.2999878,1.000218272,2739.718262,2732.387207,1.002683043,608.4567871,593.3565674,1.025448799,2287.849121,2351.641602,0.972873211,156.5875244,212.610733,0.736498654
165,,,3060.800049,3090.330811,0.990444124,932.4307861,951.2999878,0.980164766,2708.394287,2732.387207,0.991219044,580.0251465,593.3565674,0.977532208,2268.52832,2351.641602,0.964657366,140.1590729,212.610733,0.659228563
166,,,3046.953857,3090.330811,0.985963643,914.2769165,951.2999878,0.961081624,2688.225342,2732.387207,0.983837605,555.5484009,593.3565674,0.936280906,2278.490479,2351.641602,0.968893647,145.8136444,212.610733,0.685824454
167,,,3021.969238,3090.330811,0.977878869,885.0461426,951.2999878,0.930354416,2683.887207,2732.387207,0.982249975,546.9642334,593.3565674,0.921813786,2386.565918,2351.641602,1.014851093,249.6429596,212.610733,1.174178481
168,,,3017.969238,3090.330811,0.976584554,886.4615479,951.2999878,0.931842268,2675.380371,2732.387207,0.979136527,543.8726196,593.3565674,0.916603327,2418.3396,2351.641602,1.028362393,286.8319397,212.610733,1.349094272
169,,,3003.938477,3090.330811,0.972044289,875.8153687,951.2999878,0.920651078,2663.267578,2732.387207,0.97470355,535.1445313,593.3565674,0.901893675,2383.622559,2351.641602,1.013599515,255.4995575,212.610733,1.201724648
170,,,2996.369141,3090.330811,0.969595015,866.4615479,951.2999878,0.910818398,2674.309814,2732.387207,0.978744805,544.4021606,593.3565674,0.917495847,2340.754639,2351.641602,0.995370567,210.8470306,212.610733,0.991704464
171,,,2985.600098,3090.330811,0.96611017,853.8461304,951.2999878,0.897557199,2652.619629,2732.387207,0.970806599,520.8658447,593.3565674,0.877829492,2324.226318,2351.641602,0.988342166,192.4725647,212.610733,0.905281484
172,,,2989.538574,3090.330811,0.967384636,861.7230835,951.2999878,0.905837357,2653.859131,2732.387207,0.97126025,526.0437622,593.3565674,0.88655591,2309.6604,2351.641602,0.98214817,181.844986,212.610733,0.85529542
173,,,3122.892334,3090.330811,1.010536551,992.4307861,951.2999878,1.043236375,2767.211182,2732.387207,1.012744904,636.7497559,593.3565674,1.07313168,2297.509521,2351.641602,0.976981163,167.0478973,212.610733,0.785698295
174,,,3439.600098,3090.330811,1.113020062,1308.769287,951.2999878,1.375769138,2983.380371,2732.387207,1.091858506,852.5494995,593.3565674,1.436824918,2301.358398,2351.641602,0.978617907,170.5277252,212.610733,0.802065432
175,,,3504.677002,3090.330811,1.134078264,1366.092285,951.2999878,1.436026812,3044.901367,2732.387207,1.114374042,906.3167725,593.3565674,1.527440429,2294.565918,2351.641602,0.975729525,155.9814148,212.610733,0.733647883
176,,,3511.199951,3090.330811,1.136189103,1380.984619,951.2999878,1.451681495,3098.47876,2732.387207,1.133982301,968.2634888,593.3565674,1.631840944,2293.434082,2351.641602,0.975248098,163.2185822,212.610733,0.76768738
177,,,3488.438477,3090.330811,1.128823638,1351.82312,951.2999878,1.421027064,3115.042236,2732.387207,1.140044212,978.4268799,593.3565674,1.648969531,2282.717041,2351.641602,0.970690906,146.101593,212.610733,0.687178791
178,,,3431.838379,3090.330811,1.110508442,1303.161499,951.2999878,1.369874477,3098.028076,2732.387207,1.133817315,969.3512573,593.3565674,1.633674145,2281.13208,2351.641602,0.970016956,152.4551544,212.610733,0.717062354
179,,,3338.630859,3090.330811,1.080347419,1200.230713,951.2999878,1.261674285,3018.929688,2732.387207,1.10486877,880.5296021,593.3565674,1.483980536,2312.679199,2351.641602,0.983431876,174.2792511,212.610733,0.819710433
180,,,3229.661621,3090.330811,1.045086026,1104.123047,951.2999878,1.160646558,2933.577393,2732.387207,1.073631644,808.0390015,593.3565674,1.361810207,2414.86792,2351.641602,1.026886106,289.3294678,212.610733,1.360841274
181,,,3170.915283,3090.330811,1.026076317,1039.776978,951.2999878,1.093006372,2847.774658,2732.387207,1.042229533,716.6361694,593.3565674,1.207766533,2419.849121,2351.641602,1.029004216,288.7106018,212.610733,1.357930422
182,,,3126.638428,3090.330811,1.011748791,991.8692017,951.2999878,1.04264605,2780.281738,2732.387207,1.017528415,645.5124512,593.3565674,1.087899804,2371.697998,2351.641602,1.008528709,236.9288788,212.610733,1.114378691
183,,,3091.322998,3090.330811,1.00032115,960.1846313,951.2999878,1.009339452,2754.422607,2732.387207,1.008064508,623.2840576,593.3565674,1.050437689,2342.113281,2351.641602,0.995948255,210.9747467,212.610733,0.992305219
184,,,3046.892334,3090.330811,0.985943735,916.6153564,951.2999878,0.963539779,2718.647949,2732.387207,0.994971633,588.3709717,593.3565674,0.991597652,2330.490479,2351.641602,0.991005898,200.2136383,212.610733,0.941691101
185,,,3046.092285,3090.330811,0.985684872,910.4000244,951.2999878,0.957006216,2693.352051,2732.387207,0.985713899,557.65979,593.3565674,0.939839303,2318.037842,2351.641602,0.985710502,182.3454285,212.610733,0.857649207
186,,,3037.046143,3090.330811,0.982757628,908.3692017,951.2999878,0.954871476,2687.887207,2732.387207,0.983713865,559.2103882,593.3565674,0.94245255,2295.622559,2351.641602,0.976178825,166.9457245,212.610733,0.785217702
187,,,3024.800049,3090.330811,0.978794873,894.2769165,951.2999878,0.940057755,2677.52124,2732.387207,0.97992003,546.9980469,593.3565674,0.921870768,2295.622559,2351.641602,0.976178825,165.0995636,212.610733,0.776534438
188,,,3009.661621,3090.330811,0.973896265,883.6923218,951.2999878,0.928931236,2670.366211,2732.387207,0.977301478,544.3969727,593.3565674,0.917487085,2283.39624,2351.641602,0.97097975,157.427002,212.610733,0.740447044
189,,,2996.677002,3090.330811,0.969694555,869.4769287,951.2999878,0.913988173,2663.605713,2732.387207,0.97482723,536.4056396,593.3565674,0.904019058,2283.924561,2351.641602,0.9712044,156.7245331,212.610733,0.73714304
190,,,3001.169189,3090.330811,0.971148193,871.2000122,951.2999878,0.915799439,2658.253418,2732.387207,0.972868502,528.2843018,593.3565674,0.890331924,2281.20752,2351.641602,0.970049024,151.2383118,212.610733,0.711338997
191,,,3158.584717,3090.330811,1.022086263,1031.753906,951.2999878,1.084572554,2795.267578,2732.387207,1.023012996,668.4368286,593.3565674,1.12653482,2301.811279,2351.641602,0.978810489,174.980545,212.610733,0.823009014
192,,,3444.14624,3090.330811,1.114491105,1309.746094,951.2999878,1.376796126,2972,2732.387207,1.087693572,837.5999756,593.3565674,1.411630154,2397.886719,2351.641602,1.019665122,263.4867859,212.610733,1.239292026
193,,,3502.292236,3090.330811,1.133306623,1367.769287,951.2999878,1.437789559,3025.01416,2732.387207,1.107095599,890.4910278,593.3565674,1.500768781,2425.811279,2351.641602,1.031539559,291.2882385,212.610733,1.370054245
194,,,3513.161621,3090.330811,1.136823773,1372.976929,951.2999878,1.443263888,3071.605713,2732.387207,1.124147177,931.4210205,593.3565674,1.569749236,2368.52832,2351.641602,1.00718081,228.343689,212.610733,1.073998809
195,,,3501.053955,3090.330811,1.132905841,1370.900024,951.2999878,1.44108057,3104.563477,2732.387207,1.13620913,974.4095459,593.3565674,1.642199039,2342.717041,2351.641602,0.996204972,212.5631409,212.610733,0.999776065
196,,,3429.253906,3090.330811,1.10967207,1295.284668,951.2999878,1.3615942,3081.577393,2732.387207,1.127796769,947.6082153,593.3565674,1.597030044,2320.52832,2351.641602,0.986769557,186.5590668,212.610733,0.877467752
197,,,3355.600098,3090.330811,1.085838437,1224.461548,951.2999878,1.287145495,3040.056396,2732.387207,1.112600803,908.9178467,593.3565674,1.531824112,2309.6604,2351.641602,0.98214817,178.5219116,212.610733,0.839665532
198,,,3248.677002,3090.330811,1.051239252,1114.092285,951.2999878,1.171126127,2935.774658,2732.387207,1.074435711,801.1900024,593.3565674,1.35026741,2305.20752,2351.641602,0.98025465,170.6229248,212.610733,0.802513242
199,,,3171.584717,3090.330811,1.02629292,1039.461548,951.2999878,1.092674851,2859.436523,2732.387207,1.046497583,727.3135376,593.3565674,1.225761414,2295.094238,2351.641602,0.975954175,162.9712677,212.610733,0.766524136
200,,,3136.107666,3090.330811,1.014812946,1004.538452,951.2999878,1.055963874,2797.52124,2732.387207,1.023837686,665.9519043,593.3565674,1.122346878,2291.849121,2351.641602,0.974574149,160.2798309,212.610733,0.753865123
201,,,3084.123047,3090.330811,0.997991264,953.5384521,951.2999878,1.002353072,2753.126709,2732.387207,1.007590175,622.5421753,593.3565674,1.049187303,2287.622559,2351.641602,0.972776949,157.0380249,212.610733,0.738617539
202,,,3058.769287,3090.330811,0.989786983,925.5999756,951.2999878,0.972984314,2722.140869,2732.387207,0.996249974,588.9716187,593.3565674,0.992609918,2279.622559,2351.641602,0.969375074,146.4534149,212.610733,0.688833535
203,,,3048.677002,3090.330811,0.986521244,922.2769165,951.2999878,0.969491124,2687.774658,2732.387207,0.983672619,561.3746338,593.3565674,0.946099997,2284.226318,2351.641602,0.971332729,157.826416,212.610733,0.742325664
204,,,3024.923096,3090.330811,0.978834748,892.7384644,951.2999878,0.938440502,2665.915527,2732.387207,0.975672603,533.730896,593.3565674,0.899511218,2363.547119,2351.641602,1.005062699,231.3625488,212.610733,1.088197827
205,,,3013.169189,3090.330811,0.975031316,888.6153564,951.2999878,0.93410635,2657.971924,2732.387207,0.972765386,533.4179688,593.3565674,0.898983896,2426.717041,2351.641602,1.031924725,302.163147,212.610733,1.421203494
206,,,3009.969238,3090.330811,0.973995805,880.0615234,951.2999878,0.925114632,2664.056396,2732.387207,0.974992216,534.1486206,593.3565674,0.900215268,2406.717041,2351.641602,1.023419976,276.8092957,212.610733,1.301953435
207,,,2997.230713,3090.330811,0.969873786,865.3538208,951.2999878,0.909654021,2659.605713,2732.387207,0.97336334,527.7286987,593.3565674,0.889395595,2351.39624,2351.641602,0.999895692,219.5193024,212.610733,1.032493949
208,,,2991.692383,3090.330811,0.968081594,853.7846069,951.2999878,0.897492528,2650.647949,2732.387207,0.970084965,512.7401733,593.3565674,0.864135027,2336.150879,2351.641602,0.993412852,198.2432556,212.610733,0.932423532
209,,,3229.292236,3090.330811,1.044966578,1099.569214,951.2999878,1.15585959,2841.746582,2732.387207,1.040023327,712.0233765,593.3565674,1.199992418,2319.547119,2351.641602,0.986352384,189.8240967,212.610733,0.89282459
210,,,3425.307617,3090.330811,1.108395219,1291.584595,951.2999878,1.357704878,2963.774658,2732.387207,1.08468318,830.0515747,593.3565674,1.398908615,2308.60376,2351.641602,0.981698871,174.8806915,212.610733,0.82253933
211,,,3448.407715,3090.330811,1.115870118,1317.330811,951.2999878,1.384768963,3035.774658,2732.387207,1.111033797,904.6977539,593.3565674,1.524711728,2295.47168,2351.641602,0.976114631,164.3947754,212.610733,0.773219526
212,,,3451.969238,3090.330811,1.117022634,1323.169189,951.2999878,1.390906334,3070.253418,2732.387207,1.123652339,941.4534912,593.3565674,1.586657286,2286.26416,2351.641602,0.972199261,157.4641571,212.610733,0.740621805
213,,,3450.915283,3090.330811,1.116681576,1314.853882,951.2999878,1.382165313,3095.098633,2732.387207,1.132745147,959.0370483,593.3565674,1.616291285,2292.226318,2351.641602,0.974734604,156.1648712,212.610733,0.734510779
214,,,3396.884521,3090.330811,1.099197745,1268.946167,951.2999878,1.333907485,3086.704346,2732.387207,1.129673004,958.7657471,593.3565674,1.615834117,2278.565918,2351.641602,0.968925774,150.6275787,212.610733,0.70846647
215,,,3321.715332,3090.330811,1.074873686,1188.484619,951.2999878,1.249326825,3006.140869,2732.387207,1.100188375,872.9100952,593.3565674,1.471139193,2284.830078,2351.641602,0.971589506,151.5994263,212.610733,0.713037431
216,,,3226.838379,3090.330811,1.044172525,1108.807739,951.2999878,1.165570974,2920.619629,2732.387207,1.06888938,802.5889282,593.3565674,1.352625012,2278.113281,2351.641602,0.968733191,160.0824432,212.610733,0.752936721
217,,,3158.384521,3090.330811,1.022021532,1025.892334,951.2999878,1.078410864,2839.042236,2732.387207,1.039033651,706.5499268,593.3565674,1.190767884,2274.26416,2351.641602,0.967096448,141.7718506,212.610733,0.666814089
218,,,3107.446045,3090.330811,1.005538344,976,951.2999878,1.025964499,2785.464844,2732.387207,1.019425273,654.0186157,593.3565674,1.102235436,2345.73584,2351.641602,0.997488678,214.2896881,212.610733,1.0078969
219,,,3084.615479,3090.330811,0.998150587,958.8307495,951.2999878,1.007916331,2745.183105,2732.387207,1.004683018,619.3984985,593.3565674,1.043889165,2423.849121,2351.641602,1.030705214,298.0644531,212.610733,1.401925564
220,,,3060.123047,3090.330811,0.990225077,934.0307617,951.2999878,0.98184669,2713.464844,2732.387207,0.993074715,587.3724976,593.3565674,0.989914894,2404.981201,2351.641602,1.022681832,278.8888245,212.610733,1.311734438
221,,,3036.369141,3090.330811,0.982538581,896.8615112,951.2999878,0.942774653,2695.887207,2732.387207,0.986641705,556.3796387,593.3565674,0.937681794,2366.717041,2351.641602,1.006410599,227.2092896,212.610733,1.068663239
222,,,3024.553955,3090.330811,0.978715241,894.4000244,951.2999878,0.940187097,2681.971924,2732.387207,0.981548905,551.8179932,593.3565674,0.929993927,2334.565918,2351.641602,0.992738903,204.4121857,212.610733,0.961438715
223,,,3018.953857,3090.330811,0.976903141,889.5999756,951.2999878,0.935141385,2676.901367,2732.387207,0.979693234,547.5475464,593.3565674,0.922796845,2314.490479,2351.641602,0.984202147,185.1367188,212.610733,0.870777845
224,,,3008.677002,3090.330811,0.973577619,881.7846069,951.2999878,0.926925898,2672.168945,2732.387207,0.977961302,545.2767334,593.3565674,0.918969691,2312.452881,2351.641602,0.983335614,185.5605164,212.610733,0.872771144
225,,,2988.738525,3090.330811,0.967125773,859.3230591,951.2999878,0.903314471,2646.535156,2732.387207,0.968579829,517.119812,593.3565674,0.871516168,2299.697998,2351.641602,0.97791183,170.2827301,212.610733,0.800913095
226,,,2992.061523,3090.330811,0.968201041,863.5076904,951.2999878,0.907713354,2653.408447,2732.387207,0.971095264,524.8546143,593.3565674,0.884551764,2296.226318,2351.641602,0.976435542,167.6725616,212.610733,0.788636386
227,,,3069.35376,3090.330811,0.993212104,942.1538696,951.2999878,0.990385652,2726.422607,2732.387207,0.99781698,599.2225342,593.3565674,1.009886146,2294.943359,2351.641602,0.975889981,167.7433929,212.610733,0.788969517
228,,,3421.100098,3090.330811,1.10703361,1292.300049,951.2999878,1.35845685,2961.183105,2732.387207,1.083734751,832.3831177,593.3565674,1.402837992,2274.86792,2351.641602,0.967353165,146.0679321,212.610733,0.687020421
229,,,3487.038574,3090.330811,1.128370643,1359.653809,951.2999878,1.429258704,3026.309814,2732.387207,1.107569814,898.9252319,593.3565674,1.514983296,2283.924561,2351.641602,0.9712044,156.539917,212.610733,0.736274719
230,,,3493.553955,3090.330811,1.130478978,1369.738403,951.2999878,1.439859629,3075.267578,2732.387207,1.125487447,951.4522095,593.3565674,1.603508353,2316,2351.641602,0.984843969,192.1846161,212.610733,0.903927147
231,,,3464.199951,3090.330811,1.120980382,1333.738403,951.2999878,1.40201664,3115.155029,2732.387207,1.140085459,984.6934204,593.3565674,1.65953064,2405.13208,2351.641602,1.022746086,274.6705322,212.610733,1.291893959
232,,,3435.153809,3090.330811,1.111581326,1305.984619,951.2999878,1.372842073,3096.225342,2732.387207,1.133157611,967.0560913,593.3565674,1.629806042,2407.773682,2351.641602,1.023869276,278.6043396,212.610733,1.310396433
233,,,3342.930664,3090.330811,1.08173883,1209.638428,951.2999878,1.271563649,3032.112793,2732.387207,1.109693527,898.8203735,593.3565674,1.514806509,2366.3396,2351.641602,1.006250143,233.0473175,212.610733,1.096122026
234,,,3242.607666,3090.330811,1.049275279,1110.976929,951.2999878,1.167851329,2923.774658,2732.387207,1.070044041,792.1438599,593.3565674,1.335021734,2345.358398,2351.641602,0.997328222,213.7277222,212.610733,1.005253673
235,,,3175.038574,3090.330811,1.027410507,1042.238403,951.2999878,1.095593929,2857.183105,2732.387207,1.045672774,724.3831177,593.3565674,1.220822573,2321.886719,2351.641602,0.987347245,189.086792,212.610733,0.889356732
236,,,3134.14624,3090.330811,1.014178276,1007.130798,951.2999878,1.058688879,2793.577393,2732.387207,1.022394419,666.5620728,593.3565674,1.123375297,2304.981201,2351.641602,0.980158389,177.965744,212.610733,0.837049663
237,,,3095.876953,3090.330811,1.001794696,968,951.2999878,1.017554879,2745.239502,2732.387207,1.004703641,617.3624878,593.3565674,1.040457845,2307.169922,2351.641602,0.981089056,179.2928925,212.610733,0.843291759
238,,,3064.061523,3090.330811,0.991499543,935.1384888,951.2999878,0.983011127,2717.01416,2732.387207,0.994373679,588.0910034,593.3565674,0.991125822,2295.018799,2351.641602,0.975922048,166.0957947,212.610733,0.781220138
239,,,3047.261475,3090.330811,0.986063242,921.5384521,951.2999878,0.968714893,2699.718262,2732.387207,0.988043785,573.9952393,593.3565674,0.967369854,2289.434082,2351.641602,0.973547161,163.7108917,212.610733,0.770002902
240,,,3035.876953,3090.330811,0.982379258,903.3846436,951.2999878,0.949631691,2681.183105,2732.387207,0.98126024,548.6907959,593.3565674,0.924723566,2288.754639,2351.641602,0.973258317,156.2624054,212.610733,0.734969497
241,,,3020.492188,3090.330811,0.977400959,891.0769043,951.2999878,0.936693907,2665.01416,2732.387207,0.975342691,535.5986938,593.3565674,0.902659118,2279.547119,2351.641602,0.969342947,150.1317902,212.610733,0.706134558
242,,,2999.569336,3090.330811,0.970630467,867.7538452,951.2999878,0.912176847,2648.50708,2732.387207,0.969301462,516.6916504,593.3565674,0.870794535,2274.943359,2351.641602,0.967385292,143.128006,212.610733,0.673192739
243,,,2994.953857,3090.330811,0.969137013,866.0922852,951.2999878,0.910430253,2647.774658,2732.387207,0.96903342,518.9130859,593.3565674,0.874538422,2355.924561,2351.641602,1.00182128,227.0629883,212.610733,1.067975163
244,,,2992.984619,3090.330811,0.96849978,863.7538452,951.2999878,0.907972097,2650.197266,2732.387207,0.969920039,520.9664307,593.3565674,0.877998948,2420.226318,2351.641602,1.029164672,290.995636,212.610733,1.368677974
245,,,3117.476807,3090.330811,1.008784175,987.6307983,951.2999878,1.038190603,2758.140869,2732.387207,1.009425282,628.2946777,593.3565674,1.058882236,2389.6604,2351.641602,1.016166925,259.814209,212.610733,1.222018361
246,,,3437.207764,3090.330811,1.112245917,1309.576904,951.2999878,1.376618266,2957.126709,2732.387207,1.082250237,829.4959717,593.3565674,1.397972226,2354.3396,2351.641602,1.001147389,226.708847,212.610733,1.066309452
247,,,3506.115479,3090.330811,1.134543777,1373.5,951.2999878,1.443813682,3025.915527,2732.387207,1.10742557,893.3001099,593.3565674,1.505503058,2324.075439,2351.641602,0.988277972,191.460083,212.610733,0.900519371
248,,,3526.699951,3090.330811,1.141204715,1394.515381,951.2999878,1.465904951,3091.042236,2732.387207,1.131260633,958.857666,593.3565674,1.61598897,2324.150879,2351.641602,0.988310039,191.9663239,212.610733,0.902900398
249,,,3500.18457,3090.330811,1.132624626,1368.369263,951.2999878,1.438420296,3125.633789,2732.387207,1.143920422,993.8184204,593.3565674,1.674909353,2302.490479,2351.641602,0.979099333,170.6751862,212.610733,0.802758992
250,,,3444.992188,3090.330811,1.114764929,1313.546143,951.2999878,1.38079071,3118.816895,2732.387207,1.14142561,987.3707275,593.3565674,1.66404283,2292.377441,2351.641602,0.974798799,160.9311981,212.610733,0.756928861
251,,,3340.107666,3090.330811,1.080825329,1215.430786,951.2999878,1.277652502,3038.647949,2732.387207,1.112085342,913.9709473,593.3565674,1.540340185,2291.094238,2351.641602,0.974253237,166.4174194,212.610733,0.782732904
252,,,3237.907715,3090.330811,1.047754407,1109.107666,951.2999878,1.165886402,2951.042236,2732.387207,1.080023408,822.2422485,593.3565674,1.385747313,2289.434082,2351.641602,0.973547161,160.6339569,212.610733,0.755530775
253,,,3184.822998,3090.330811,1.030576706,1054.17688,951.2999878,1.108143568,2871.718262,2732.387207,1.05099237,741.0721436,593.3565674,1.24894917,2284.754639,2351.641602,0.971557379,154.1085663,212.610733,0.724839032
254,,,3128.723145,3090.330811,1.012423396,1001.33844,951.2999878,1.052600026,2809.352051,2732.387207,1.028167605,681.9674683,593.3565674,1.149338484,2279.924561,2351.641602,0.969503462,152.539917,212.610733,0.71746099
255,,,3097.415283,3090.330811,1.002292514,967.0769043,951.2999878,1.016584635,2762.140869,2732.387207,1.010889173,631.8023682,593.3565674,1.064793825,2286.490479,2351.641602,0.972295523,156.1520996,212.610733,0.734450698
256,,,3069.846191,3090.330811,0.993371367,940.4923096,951.2999878,0.988639057,2719.774658,2732.387207,0.995384037,590.4207764,593.3565674,0.995052278,2397.509521,2351.641602,1.019504666,268.1555786,212.610733,1.26125133
257,,,3042.953857,3090.330811,0.984669328,909.9692383,951.2999878,0.9565534,2691.605713,2732.387207,0.985074699,558.6210327,593.3565674,0.941459239,2422.86792,2351.641602,1.030287981,289.8833008,212.610733,1.363446236
258,,,3039.322998,3090.330811,0.983494401,909.3538208,951.2999878,0.95590651,2688.901367,2732.387207,0.984085023,558.9321899,593.3565674,0.94198364,2381.434082,2351.641602,1.012668848,251.4647369,212.610733,1.182747126
259,,,3014.399902,3090.330811,0.975429595,879.6923218,951.2999878,0.924726486,2669.183105,2732.387207,0.97686851,534.4754028,593.3565674,0.900766015,2338.113281,2351.641602,0.994247317,203.4055176,212.610733,0.956703842
260,,,3014.030762,3090.330811,0.975310087,883.8769531,951.2999878,0.929125309,2661.577393,2732.387207,0.974084973,531.423645,593.3565674,0.89562273,2329.434082,2351.641602,0.990556598,199.2801208,212.610733,0.937300324
261,,,3003.446045,3090.330811,0.971885026,871.9384766,951.2999878,0.91657567,2663.267578,2732.387207,0.97470355,531.7598877,593.3565674,0.896189511,2315.47168,2351.641602,0.984619319,183.9640045,212.610733,0.865262032
262,,,2994.830811,3090.330811,0.969097137,859.446167,951.2999878,0.903443873,2648.394287,2732.387207,0.969260216,513.0097656,593.3565674,0.864589334,2301.434082,2351.641602,0.978649974,166.0493469,212.610733,0.781001687
263,,,2988.246094,3090.330811,0.96696645,856,951.2999878,0.899821281,2647.887207,2732.387207,0.969074667,515.6411743,593.3565674,0.869024158,2298.86792,2351.641602,0.977558851,166.6217651,212.610733,0.783694029
264,,,3292.369141,3090.330811,1.065377593,1158.215332,951.2999878,1.217508078,2878.309814,2732.387207,1.053404808,744.1560059,593.3565674,1.254146457,2283.094238,2351.641602,0.970851362,148.9404907,212.610733,0.700531363
265,,,3450.538574,3090.330811,1.116559625,1320.446167,951.2999878,1.38804388,2978.816895,2732.387207,1.090188384,848.7246094,593.3565674,1.430378675,2284.226318,2351.641602,0.971332729,154.1341095,212.610733,0.724959195
266,,,3475.053955,3090.330811,1.124492526,1348.961548,951.2999878,1.418019056,3030.084473,2732.387207,1.10895133,903.9921875,593.3565674,1.523522735,2284.981201,2351.641602,0.9716537,158.8888245,212.610733,0.747322679
267,,,3463.838379,3090.330811,1.120863318,1337.68457,951.2999878,1.406164885,3080.338135,2732.387207,1.127343059,954.1842041,593.3565674,1.608112693,2287.320801,2351.641602,0.972648561,161.1669159,212.610733,0.758037448
268,,,3454.85376,3090.330811,1.117956042,1320.330811,951.2999878,1.387922645,3113.183105,2732.387207,1.139363766,978.6600342,593.3565674,1.649362445,2282.3396,2351.641602,0.970530391,147.8165436,212.610733,0.695244968
269,,,3389.761475,3090.330811,1.096892834,1258.130737,951.2999878,1.322538376,3105.52124,2732.387207,1.136559606,973.8903809,593.3565674,1.641324043,2389.886719,2351.641602,1.016263247,258.256012,212.610733,1.214689493
270,,,3313.092285,3090.330811,1.072083354,1183.307739,951.2999878,1.243884921,3018.366211,2732.387207,1.104662657,888.581604,593.3565674,1.497550845,2417.20752,2351.641602,1.027880907,287.4229431,212.610733,1.351873994
271,,,3232.376953,3090.330811,1.045964718,1100.623047,951.2999878,1.156967402,2938.591553,2732.387207,1.075466633,806.8377075,593.3565674,1.359785557,2374.717041,2351.641602,1.009812474,242.9631348,212.610733,1.142760396
272,,,3163.292236,3090.330811,1.023609638,1032.338501,951.2999878,1.085187078,2858.591553,2732.387207,1.046188235,727.6376953,593.3565674,1.226307631,2344.075439,2351.641602,0.99678266,213.1216278,212.610733,1.002402902
273,,,3110.638428,3090.330811,1.006571412,981.7153931,951.2999878,1.031972408,2789.52124,2732.387207,1.020909905,660.5980225,593.3565674,1.113323927,2320.754639,2351.641602,0.986865878,191.8316345,212.610733,0.90226692
274,,,3089.538574,3090.330811,0.99974364,956.6769409,951.2999878,1.005652189,2762.535156,2732.387207,1.011033535,629.673645,593.3565674,1.061206222,2303.320801,2351.641602,0.979452312,170.4592133,212.610733,0.801743209
275,,,3060.307617,3090.330811,0.99028486,928.3076782,951.2999878,0.975830674,2716.281738,2732.387207,0.994105637,584.2816772,593.3565674,0.984705865,2306.79248,2351.641602,0.9809286,174.79245,212.610733,0.822124302
276,,,3046.276855,3090.330811,0.985744596,911.8153687,951.2999878,0.958494067,2693.070313,2732.387207,0.985610783,558.6088867,593.3565674,0.941438794,2291.773682,2351.641602,0.974542081,157.3120422,212.610733,0.739906371
277,,,3019.630859,3090.330811,0.977122188,892.6153564,951.2999878,0.93831116,2676.394287,2732.387207,0.979507685,549.3789673,593.3565674,0.925883412,2287.47168,2351.641602,0.972712755,160.4563141,212.610733,0.754695237
278,,,3021.169189,3090.330811,0.977620006,892.1846313,951.2999878,0.937858343,2665.295654,2732.387207,0.975445807,536.3111572,593.3565674,0.903859854,2288.075439,2351.641602,0.972969532,159.0908508,212.610733,0.748272896
279,,,3009.907715,3090.330811,0.973975897,876.7999878,951.2999878,0.921686113,2650.591553,2732.387207,0.970064342,517.4838867,593.3565674,0.872129679,2286.3396,2351.641602,0.972231388,153.2319336,212.610733,0.720715821
280,,,2998.338379,3090.330811,0.970232189,873.7846069,951.2999878,0.918516338,2645.859131,2732.387207,0.96833241,521.3052979,593.3565674,0.87857008,2335.169922,2351.641602,0.992995679,210.6159668,212.610733,0.990617692
281,,,2982.338379,3090.330811,0.96505475,845.4769287,951.2999878,0.888759494,2642.760498,2732.387207,0.967198372,505.8990173,593.3565674,0.852605462,2413.811279,2351.641602,1.026436806,276.9497681,212.610733,1.302614212
282,,,2988.307617,3090.330811,0.966986358,851.446167,951.2999878,0.895034313,2635.661865,2732.387207,0.964600444,498.8004456,593.3565674,0.840641975,2404.52832,2351.641602,1.022489309,267.6667786,212.610733,1.25895226
283,,,3008.553955,3090.330811,0.973537803,881.2307739,951.2999878,0.926343679,2663.267578,2732.387207,0.97470355,535.944519,593.3565674,0.903241932,2355.697998,2351.641602,1.001724958,228.3750305,212.610733,1.074146271
284,,,3375.569336,3090.330811,1.092300296,1248.061523,951.2999878,1.311953664,2934.647949,2732.387207,1.074023366,807.1401978,593.3565674,1.360295415,2333.962158,2351.641602,0.992482185,206.4545746,212.610733,0.971044898
285,,,3468.584717,3090.330811,1.122399092,1340.092285,951.2999878,1.408695817,3000.788818,2732.387207,1.098229647,872.2964478,593.3565674,1.470104933,2317.13208,2351.641602,0.985325396,188.6397705,212.610733,0.887254179
286,,,3483.14624,3090.330811,1.127111077,1359.515381,951.2999878,1.42911315,3068.168945,2732.387207,1.122889519,944.538269,593.3565674,1.591856122,2301.73584,2351.641602,0.978778362,178.1050873,212.610733,0.837705016
287,,,3476.492188,3090.330811,1.124958038,1351.446167,951.2999878,1.420630932,3104.338135,2732.387207,1.136126637,979.2918701,593.3565674,1.650427341,2296.226318,2351.641602,0.976435542,171.1802673,212.610733,0.805134594
288,,,3440.461426,3090.330811,1.113298774,1312.830811,951.2999878,1.380038619,3088.563477,2732.387207,1.130353451,960.9326172,593.3565674,1.619485974,2287.697998,2351.641602,0.972809017,160.067337,212.610733,0.752865732
289,,,3379.115479,3090.330811,1.093447804,1244.038452,951.2999878,1.307724595,3040.563477,2732.387207,1.112786412,905.4864502,593.3565674,1.526041031,2292.150879,2351.641602,0.974702537,157.0740204,212.610733,0.738786876
290,,,3275.692383,3090.330811,1.059981108,1152.800049,951.2999878,1.211815357,2955.380371,2732.387207,1.081611037,832.4879761,593.3565674,1.40301466,2288.60376,2351.641602,0.973194182,165.7114716,212.610733,0.779412508
291,,,3194.423096,3090.330811,1.033683181,1064.392334,951.2999878,1.118881822,2873.859131,2732.387207,1.051775932,743.8283691,593.3565674,1.253594279,2275.320801,2351.641602,0.967545748,145.289978,212.610733,0.683361471
292,,,3145.584717,3090.330811,1.017879605,1017.523071,951.2999878,1.069613218,2815.211182,2732.387207,1.030311942,687.1497192,593.3565674,1.158072233,2283.773682,2351.641602,0.971140206,155.7120514,212.610733,0.732380927
293,,,3101.407715,3090.330811,1.003584385,970.7000122,951.2999878,1.020393133,2757.577393,2732.387207,1.00921905,626.869751,593.3565674,1.056480765,2361.886719,2351.641602,1.004356623,231.1791077,212.610733,1.087334991
294,,,3081.415283,3090.330811,0.997115076,951.5076904,951.2999878,1.000218272,2717.01416,2732.387207,0.994373679,587.1063843,593.3565674,0.989466429,2419.39624,2351.641602,1.028811693,289.4885254,212.610733,1.361589432
295,,,3051.692383,3090.330811,0.987496972,923.1384888,951.2999878,0.970396757,2699.605713,2732.387207,0.988002539,571.0517578,593.3565674,0.962409139,2379.169922,2351.641602,1.011705995,250.6159668,212.610733,1.178754926
296,,,3040.430664,3090.330811,0.983852863,906.5845947,951.2999878,0.952995479,2680.619629,2732.387207,0.981054068,546.7735596,593.3565674,0.921492398,2344.377441,2351.641602,0.996911049,210.5312042,212.610733,0.990219057
297,,,3017.661621,3090.330811,0.976484954,885.5384521,951.2999878,0.930871904,2668.168945,2732.387207,0.976497352,536.0459595,593.3565674,0.903412879,2327.47168,2351.641602,0.989722133,195.3486176,212.610733,0.918808818
298,,,3007.446045,3090.330811,0.9731794,875.7538452,951.2999878,0.920586407,2661.802734,2732.387207,0.974167466,530.1105347,593.3565674,0.893409729,2313.811279,2351.641602,0.983913302,182.1190186,212.610733,0.856584251
299,,,3000.923096,3090.330811,0.971068561,873.3538208,951.2999878,0.918063521,2647.549316,2732.387207,0.968950927,519.9800415,593.3565674,0.876336575,2309.20752,2351.641602,0.981955588,181.6383209,212.610733,0.854323328
300,,,2993.169189,3090.330811,0.968559504,863.0769043,951.2999878,0.907260537,2650.535156,2732.387207,0.970043719,520.4429321,593.3565674,0.877116621,2299.849121,2351.641602,0.977976024,169.7567444,212.610733,0.798439205
301,,,3189.107666,3090.330811,1.031963229,1061.907715,951.2999878,1.116270065,2799.831055,2732.387207,1.024682999,672.6309814,593.3565674,1.133603334,2283.018799,2351.641602,0.970819235,155.8188629,212.610733,0.732883334
302,,,3447.446045,3090.330811,1.115558982,1310.769287,951.2999878,1.377871633,2953.295654,2732.387207,1.080848098,816.6188354,593.3565674,1.376270056,2284.981201,2351.641602,0.9716537,148.3042145,212.610733,0.697538674
303,,,3495.830811,3090.330811,1.131215692,1364.076904,951.2999878,1.433908224,3027.718262,2732.387207,1.108085275,895.9644775,593.3565674,1.509993315,2283.39624,2351.641602,0.97097975,151.6423798,212.610733,0.713239491
304,,,3506.35376,3090.330811,1.134620905,1380.199951,951.2999878,1.450856686,3068.394287,2732.387207,1.122972012,942.2405396,593.3565674,1.587983727,2307.547119,2351.641602,0.981249571,181.3933258,212.610733,0.853171051
305,,,3468.692383,3090.330811,1.12243402,1346.292358,951.2999878,1.415213227,3085.52124,2732.387207,1.129240036,963.1211548,593.3565674,1.62317431,2399.47168,2351.641602,1.020339012,277.0716858,212.610733,1.303187728
306,,,3402.307617,3090.330811,1.100952625,1276.215332,951.2999878,1.3415488,3058.760498,2732.387207,1.119446158,932.6682739,593.3565674,1.571851254,2412.981201,2351.641602,1.026083708,286.8888245,212.610733,1.349361897
307,,,3300.046143,3090.330811,1.067861795,1176.723022,951.2999878,1.236963153,2983.661865,2732.387207,1.091961622,860.3388672,593.3565674,1.449952602,2369.886719,2351.641602,1.007758498,246.5637207,212.610733,1.159695506
308,,,3214.984619,3090.330811,1.040336728,1084.646118,951.2999878,1.140172601,2884.563477,2732.387207,1.055693388,754.2249146,593.3565674,1.271115899,2334.641602,2351.641602,0.992771029,204.3030548,212.610733,0.960925341
309,,,3150.930664,3090.330811,1.019609571,1025.82312,951.2999878,1.078338146,2833.52124,2732.387207,1.037012935,708.4134521,593.3565674,1.193908453,2316.905762,2351.641602,0.985229135,191.7979736,212.610733,0.90210855
310,20.3,,3110.576904,3090.330811,1.006551504,979.9923096,951.2999878,1.030161142,2782.140869,2732.387207,1.018208861,651.5562134,593.3565674,1.098085523,2307.849121,2351.641602,0.9813779,177.2644348,212.610733,0.833751142
